INSERT INTO banks (name, bic)
VALUES ('Альфа-Банк', 'ALFARUMM'),
       ('ВТБ', 'VTBRRUMM'),
       ('Газпромбанк', 'GAZPRUMM'),
       ('Россельхозбанк', 'RUAGRUMM'),
       ('Банк Открытие', 'RUDLRUMM');

INSERT INTO users (name, email, password)
VALUES ('Анна Петрова', 'petrova@mail.ru', 'qwerty'),
       ('Сергей Смирнов', 'smirnov@mail.ru', 'asdfgh'),
       ('Мария Сидорова', 'sidorova@mail.ru', 'zxcvbn'),
       ('Алексей Кузнецов', 'kuznetsov@mail.ru', 'iloveyou'),
       ('Елена Попова', 'popova@mail.ru', 'letmein'),
       ('Дмитрий Соколов', 'sokolov@mail.ru', 'password'),
       ('Ольга Новикова', 'novikova@mail.ru', 'trustno1'),
       ('Андрей Морозов', 'morozov@mail.ru', 'dragon'),
       ('Ирина Волкова', 'volkova@mail.ru', 'baseball'),
       ('Николай Павлов', 'pavlov@mail.ru', 'football'),
       ('Татьяна Зайцева', 'zaytseva@mail.ru', 'monkey'),
       ('Михаил Федоров', 'fedorov@mail.ru', 'shadow'),
       ('Вера Белова', 'belova@mail.ru', 'master'),
       ('Кирилл Егоров', 'egorov@mail.ru', 'superman'),
       ('Людмила Орлова', 'orlova@mail.ru', 'qazwsx'),
       ('Владимир Гусев', 'gusev@mail.ru', 'michael'),
       ('Наталья Макарова', 'makarova@mail.ru', 'jennifer'),
       ('Артем Лебедев', 'lebedev@mail.ru', 'hunter'),
       ('Галина Романова', 'romanova@mail.ru', 'harley'),
       ('Павел Козлов', 'kozlov@mail.ru', 'ranger');

INSERT INTO accounts (number, balance, bank_id, user_id)
VALUES ('1', '100', '1', '1'),
       ('2', '200', '2', '2'),
       ('3', '300', '3', '3'),
       ('4', '400', '4', '4'),
       ('5', '500', '5', '5'),
       ('6', '600', '1', '6'),
       ('7', '700', '2', '7'),
       ('8', '800', '3', '8'),
       ('9', '900', '4', '9'),
       ('10', '1000', '5', '10'),
       ('11', '1100', '1', '11'),
       ('12', '1200', '2', '12'),
       ('13', '1300', '3', '13'),
       ('14', '1400', '4', '14'),
       ('15', '1500', '5', '15'),
       ('16', '1600', '1', '16'),
       ('17', '1700', '2', '17'),
       ('18', '1800', '3', '18'),
       ('19', '1900', '4', '19'),
       ('20', '2000', '5', '20'),
       ('21', '2100', '3', '1'),
       ('22', '2200', '5', '2'),
       ('23', '2300', '2', '3'),
       ('24', '2400', '1', '4'),
       ('25', '2500', '4', '5'),
       ('26', '2600', '3', '6'),
       ('27', '2700', '5', '7'),
       ('28', '2800', '2', '8'),
       ('29', '2900', '1', '9'),
       ('30', '3000', '4', '10'),
       ('31', '3100', '3', '11'),
       ('32', '3200', '5', '12'),
       ('33', '3300', '2', '13'),
       ('34', '3400', '1', '14'),
       ('35', '3500', '4', '15'),
       ('36', '3600', '3', '16'),
       ('37', '3700', '5', '17'),
       ('38', '3800', '2', '18'),
       ('39', '3900', '1', '19'),
       ('40', '4000', '4', '20');

INSERT INTO transactions (from_account_id, to_account_id, amount, date)
VALUES (1, 2, 50.00, '2023-01-01 12:00:00'),
       (3, 4, 20.00, '2023-01-02 13:00:00'),
       (5, 6, 30.00, '2023-01-03 14:00:00'),
       (7, 8, 40.00, '2023-01-04 15:00:00'),
       (9, 10, 50.00, '2023-01-05 16:00:00'),
       (11, 12, 60.00, '2023-01-06 17:00:00'),
       (13, 14, 70.00, '2023-01-07 18:00:00'),
       (15, 16, 80.00, '2023-01-08 19:00:00'),
       (17, 18, 90.00, '2023-01-09 20:00:00'),
       (19, 20, 10.00, '2023-01-10 21:00:00');
